{
  "project_info": {
    "project_number": "276017147795",
    "project_id": "isenergy-bd3ff",
    "storage_bucket": "isenergy-bd3ff.appspot.com"
  },
  "client": [
    {
      "client_info": {
        "mobilesdk_app_id": "1:276017147795:android:a2ff609bb996bc5d290266",
        "android_client_info": {
          "package_name": "com.example.isenergyv1"
        }
      },
      "oauth_client": [
        {
          "client_id": "276017147795-2sj1ruov6442uhramf6ah2tpfpotaoam.apps.googleusercontent.com",
          "client_type": 3
        }
      ],
      "api_key": [
        {
          "current_key": "AIzaSyDpn032Kqe60qkTGKyE0YV7da7RI7vFSpo"
        }
      ],
      "services": {
        "appinvite_service": {
          "other_platform_oauth_client": [
            {
              "client_id": "276017147795-2sj1ruov6442uhramf6ah2tpfpotaoam.apps.googleusercontent.com",
              "client_type": 3
            }
          ]
        }
      }
    },
    {
      "client_info": {
        "mobilesdk_app_id": "1:276017147795:android:7c9e82a194c08f11290266",
        "android_client_info": {
          "package_name": "com.example.myfirstapp"
        }
      },
      "oauth_client": [
        {
          "client_id": "276017147795-2sj1ruov6442uhramf6ah2tpfpotaoam.apps.googleusercontent.com",
          "client_type": 3
        }
      ],
      "api_key": [
        {
          "current_key": "AIzaSyDpn032Kqe60qkTGKyE0YV7da7RI7vFSpo"
        }
      ],
      "services": {
        "appinvite_service": {
          "other_platform_oauth_client": [
            {
              "client_id": "276017147795-2sj1ruov6442uhramf6ah2tpfpotaoam.apps.googleusercontent.com",
              "client_type": 3
            }
          ]
        }
      }
    }
  ],
  "configuration_version": "1"
}